PATTERN	Atlantic	Bangime	Dogon	Mande	Songhai	Examples	COGID
Mande:1	0	0	0	1	0	373	11 8 30 36 45 53 63 84 81 103 98 116 120 133 131 139 185 180 192 193 200 209 205 218 243 239 256 263 265 288 285 296 314 313 319 322 355 359 377 398 399 408 405 411 430 442 440 446 448 456 489 499 507 508 514 517 526 537 543 554 563 579 577 585 584 593 595 604 623 633 630 659 655 669 667 677 681 684 692 704 703 708 712 721 720 737 749 762 764 769 772 779 776 782 785 800 796 806 803 818 819 830 837 840 855 877 884 893 900 902 908 913 916 939 925 947 953 983 976 995 1000 1001 1010 1020 1021 1040 1027 1047 1053 1058 1069 1065 1075 1083 1093 1090 1095 1098 1106 1112 1123 1135 1140 1149 1152 1167 1166 1173 1181 1197 1201 1217 1235 1247 1244 1252 1260 1264 1271 1284 1295 1297 1310 1309 1319 1325 1330 1332 1343 1351 1361 1365 1368 1376 1385 1388 1393 1396 1407 1404 1414 1415 1423 1427 1435 1439 1454 1451 1477 1471 1490 1494 1499 1507 1522 1521 1558 1555 1563 1562 1569 1572 1578 1593 1587 1605 1601 1610 1609 1619 1627 1637 1650 1646 1663 1676 1691 1696 1698 1710 1709 1726 1721 1738 1750 1747 1764 1761 1783 1806 1814 1820 1831 1835 1851 1860 1858 1869 1878 1875 1888 1899 1903 1912 1915 1918 1933 1958 1955 1973 1970 1985 1981 1991 1996 1998 2024 2033 2038 2056 2068 2065 2084 2082 2089 2091 2104 2110 2128 2140 2150 2160 2163 2173 2186 2206 2210 2213 2227 2226 2229 2232 2241 2245 2256 2257 2269 2264 2277 2275 2284 2282 2299 2298 2302 2314 2312 2325 2337 2350 2349 2362 2357 2375 2380 2390 2403 2411 2415 2436 2433 2443 2448 2453 2464 2482 2484 2501 2496 2511 2521 2546 2544 2559 2564 2573 2583 2579 2589 2595 2599 2609 2610 2617 2616 2636 2648 2644 2653 2662 2668 2672 2676 2680 2688 2692 2705 2715 2718 2721 2728 2730 2737 2761 2772 2779 2800 2810 2807 2820 2821 2830 2828 2838 2835 2851 2858 2863 2873 2883 2900 2908 2919	!GUEST OR STRANGER, !GUEST OR STRANGER, ANIMAL, ANSWER, ARMPIT, ARRIVE, ASH, BAD, BAD, BARK, BARK, BEAUTIFUL, BEAUTIFUL, BEGIN, BEGIN, BELLY, BIRD, BIRD, BITE, BITE, BITTER, BLACKSMITH, BLACKSMITH, BLANKET, BLOOD, BLOOD, BODY, BONE, BONE, BREAST, BREAST, BREATHE, BROOM, BROOM, BUILD, BUILD, CALL, CALL, CARVE, CAT, CAT, CAVE, CAVE, CHEEK, CHEST, CHICKEN, CHICKEN, CHIEFTAIN, CHIEFTAIN, CHILD, COLD, COLD, COME, COME, COME BACK, COME BACK, COTTON, COUNTRY, COW, CRY, DEW, DIE, DIE, DIG, DIG, DISEASE, DISEASE, DIVIDE, DOG, DONKEY, DONKEY, DOVE, DOVE, DRINK, DRINK, DRIP (FALL IN GLOBULES), DRY, DRY, DUST, EAR, EAR, EAT, EAT, EGG, EGG, ELBOW, ELEPHANT, EMPTY, EMPTY, ENTER, ENTER, EYE, EYE, FACE, FACE, FALL, FALL, FAR, FAR, FAST, FAST, FAT (OBESE), FAT (ORGANIC SUBSTANCE), FAT (ORGANIC SUBSTANCE), FEAR (BE AFRAID), FIND, FINGER, FIRE, FIREWOOD, FIREWOOD, FISH, FIVE, FIVE, FLY (INSECT), FLY (INSECT), FLY (MOVE THROUGH AIR), FOAM, FOOD, FOOD, FOOT OR LEG, FOREHEAD, FOREHEAD, FORGET, FOUR, FOUR, FRIEND, FRIEND, FULL, GET, GET, GIVE, GIVE, GIVE BIRTH, GO, GO DOWN (DESCEND), GO DOWN (DESCEND), GO OUT, GO OUT, GO UP (ASCEND), GO UP (ASCEND), GOAT, GOLD, GOOD, GRANDFATHER, GRANDFATHER, GRASS, GRASS, HAIR, HAND, HEAD, HEAD, HEAVY, HIDE (CONCEAL), HIP, HIP, HONEY, HONEY, HORN (ANATOMY), HORSE, HOST, HOT, HOT, HUSBAND, HUSBAND, INJURE, INJURE, IRON, IRON, JAW, JOINT, KILL, KNEE, KNEE, KNEEL, KNIFE, KNIFE, LADDER, LADDER, LAUGH, LAUGH, LEAF, LEAF, LEAVE, LEAVE, LEFT, LICK, LIE DOWN, LIE DOWN, LIGHT (WEIGHT), LIGHT (WEIGHT), LIMP, LION, LION, LOOK, LOOK FOR, LOOK FOR, MAIZE, MAIZE, MAN, MAN, MARKET, MARKET, MARROW, MAT, MAT, MEAL, MEAL, MEAT, MEAT, MEDICINE, MILK, MILLET, MONEY, MONEY, MOON, MOTHER, MOUSE, MOUTH, MOUTH, NAME, NAME, NEAR, NEAR, NEW, NIGHT, NIGHT, NINE, NINE, NOSE, OLD, ONE, ONION, OPEN, OPEN, ORPHAN, PATH OR ROAD, PATH OR ROAD, PENIS, PERSON, PERSON, PESTLE, PESTLE, PICK, PIG, PISS, PISS, PLACE (POSITION), PULL, PULL, PUSH, PUSH, RAIN (PRECIPITATION), RAIN (PRECIPITATION), RAW, RED, RED, RIGHT, RIVER, ROOF, ROOT, ROTTEN, ROTTEN, RUN, RUN, SALT, SALT, SAND, SAY, SCALE, SEE, SELL, SEVEN, SEVEN, SEW, SHARP, SHIT (DEFECATE), SHOE, SHOE, SHORT, SHORT, SHOW, SHOW, SICKLE OR SCYTHE, SIMILAR, SING, SING, SIT, SIT, SIX, SIX, SKIN, SKIN, SKY, SKY, SLAVE, SLEEP, SLEEP, SMALL, SMOKE, SMOOTH, SMOOTH, SNAKE, SNAKE, SOAP, SONG, SPEAR, SPIN, SPIRIT, SPIT, SPRING OR WELL, SPRING OR WELL, STAR, STAR, STEAL, STOMACH, STRIKE OR BEAT, SUCK, SUN, SUN, SWEEP, SWEET, TAIL, TAIL, TALK, TEN, TESTICLES, THIGH, THIGH, THING, THINK, THINK, THORN, THORN, THREE, THREE, THROW, TIE, TIE, TOMORROW, TONGS, TONGS, TONGUE, TONGUE, TOOTH, TOUCH, TOUCH, TRAP (PITFALL), TRAVERSE, TREE, TREE, TWENTY, TWENTY, TWO, VAGINA, VILLAGE, WALL (OF HOUSE), WEAVE, WEEK, WEEK, WET, WET, WHITE, WHITE, WIFE, WIFE, WIND, WING, WING, WOMAN, WORK (LABOUR), WRAPPER, YEAR, YELLOW
Bangime:1	0	1	0	0	0	230	10 19 29 40 44 49 67 83 102 117 134 136 155 161 173 178 194 208 221 225 242 246 257 264 287 298 312 320 337 343 349 376 397 402 413 443 447 463 474 497 509 516 529 553 570 578 594 603 616 636 642 658 663 678 686 693 701 707 718 739 744 761 773 778 783 799 805 817 832 839 847 858 886 894 899 907 914 920 938 961 982 996 1002 1005 1023 1028 1049 1052 1066 1077 1087 1096 1114 1122 1127 1146 1150 1172 1183 1191 1196 1208 1216 1224 1245 1259 1262 1273 1299 1316 1331 1362 1366 1386 1394 1412 1429 1438 1452 1467 1478 1489 1502 1508 1531 1566 1570 1588 1604 1621 1628 1638 1648 1662 1669 1689 1697 1708 1725 1732 1749 1763 1771 1781 1791 1796 1808 1821 1832 1850 1856 1864 1879 1900 1916 1935 1938 1946 1957 1966 1983 1995 2011 2023 2031 2036 2059 2062 2071 2093 2107 2116 2131 2134 2146 2154 2162 2176 2196 2205 2209 2240 2244 2270 2281 2297 2306 2321 2339 2348 2363 2374 2392 2402 2423 2435 2454 2465 2500 2514 2523 2534 2539 2566 2582 2621 2638 2646 2658 2673 2684 2702 2708 2723 2731 2736 2749 2771 2795 2798 2819 2839 2849 2864 2870 2876 2888 2899 2910 2920	!GUEST OR STRANGER, AGE, ANIMAL, ANSWER, ARMPIT, ARRIVE, BACK, BAD, BARK, BEAUTIFUL, BEGIN, BELLY, BESIDE, BETRAY, BIG, BIRD, BITE, BLACKSMITH, BLANKET, BLINK, BLOOD, BLUNT, BODY, BONE, BREAST, BREATHE, BROOM, BUILD, BURN (SOMETHING), BURY, BUY, CARVE, CAT, CAVE, CHEEK, CHICKEN, CHIEFTAIN, CHILD, CHIN, COLD, COME, COME BACK, COTTON, CRY, DEW, DIE, DISEASE, DIVIDE, DOG, DONKEY, DOOR, DOVE, DRINK, DRIP (FALL IN GLOBULES), DRY, DUST, EAR, EAT, EGG, ELBOW, ELEPHANT, EMPTY, ENTER, EYE, FACE, FALL, FAR, FAST, FAT (OBESE), FAT (ORGANIC SUBSTANCE), FATHER, FEAR (BE AFRAID), FINGER, FIRE, FIREWOOD, FISH, FIVE, FLOWER, FLY (INSECT), FOLD, FOOD, FOOT OR LEG, FOREHEAD, FORGET, FOUR, FRIEND, FULL, GET, GIVE, GIVE BIRTH, GO, GO OUT, GO UP (ASCEND), GOAT, GOD, GOOD, GRANDFATHER, HAIR, HAND, HANG UP, HEAD, HEAR, HEAVY, HELP, HIP, HONEY, HORN (ANATOMY), HORSE, HOT, HUSBAND, IRON, KILL, KNEE, KNIFE, LADDER, LEAF, LEAVE, LICK, LIE DOWN, LIFT, LIGHT (WEIGHT), LIMP, LION, LOOK, LOOK FOR, MAN, MARKET, MAT, MEAL, MEDICINE, MILK, MILLET, MONEY, MOON, MOSQUE, MOUSE, MOUTH, NAME, NEAR, NECK, NIGHT, NINE, NOBLE, NOSE, NOW, NURSE, OLD, ONION, OPEN, ORPHAN, PATH OR ROAD, PENIS, PERSON, PESTLE, PISS, PLACE (POSITION), POCKET, PRICE, PULL, PUMPKIN, RAIN (PRECIPITATION), RED, RIB, RIGHT, RIVER, ROOF, ROOT, ROTTEN, ROUGH, SALT, SAND, SAY, SCALE, SEE, SELL, SEND, SEVEN, SEW, SHEEP, SHIT (DEFECATE), SHOE, SICKLE OR SCYTHE, SIMILAR, SIT, SKIN, SKY, SLEEP, SLIP, SMOKE, SMOOTH, SNAKE, SOAP, SPEAR, SPIN, SPIT, SPRING OR WELL, STEAL, STOMACH, SUN, SWEEP, SWEET, SWIM, TAIL, TEN, THIGH, THROAT, THROW, TIE, TOMORROW, TONGUE, TOOTH, TRAP (PITFALL), TRAVERSE, TREE, TWENTY, TWO, URINE, VILLAGE, WATER, WEAVE, WET, WIFE, WIND, WING, WOMAN, WOOD, WORLD, WRAPPER, YEAR, YELLOW
Dogon:5	0	0	5	0	0	49	1 55 127 351 451 464 486 500 539 581 614 637 716 723 787 807 821 834 861 881 897 1071 1136 1184 1305 1317 1402 1409 1491 1575 1594 1623 1622 1704 1810 1871 1948 2070 2254 2341 2340 2412 2641 2733 2762 2811 2865 2875 2889	!GUEST OR STRANGER, ASH, BEGIN, CALL, CHILD, CHIN, COLD, COME, COW, DIG, DOG, DOOR, EGG, EIGHT, FALL, FAST, FAT (OBESE), FAT (ORGANIC SUBSTANCE), FIGHT, FINGER, FIREWOOD, GIVE BIRTH, GOOD, HANG UP, HUSBAND, INJURE, LAUGH, LEAF, LION, MARROW, MEAL, MILK, MILK, NAME, ONE, PERSON, PULL, ROUGH, SING, SMOOTH, SMOOTH, SPIT, TIE, TWO, VILLAGE, WET, WOMAN, WOOD, WRAPPER
Dogon:1	0	0	1	0	0	944	13 12 7 6 5 18 28 32 27 26 25 24 39 38 37 52 51 50 62 61 68 70 71 72 80 79 78 77 76 101 86 99 97 96 95 92 91 90 89 88 87 112 110 118 121 124 125 137 140 141 143 154 157 148 156 150 149 160 172 171 170 169 168 179 181 182 183 184 207 203 220 217 214 213 230 229 227 226 240 238 237 248 247 255 254 266 267 275 277 274 290 284 289 283 282 281 297 311 309 308 305 304 303 302 335 334 333 332 331 330 329 341 358 356 363 368 364 382 381 379 378 385 386 387 400 396 395 394 393 407 404 403 414 416 417 412 418 420 421 422 423 424 432 433 434 435 439 449 450 462 459 458 457 472 469 468 485 484 482 481 480 498 491 494 495 496 505 518 519 520 521 527 528 535 534 533 552 548 551 565 569 568 567 566 562 561 576 592 596 597 600 611 610 609 606 605 617 619 620 621 622 632 635 629 628 627 634 644 646 647 657 661 660 654 653 652 651 664 675 674 672 671 682 685 696 695 694 714 710 709 736 735 734 733 732 731 745 747 748 760 759 758 763 756 755 770 786 798 795 794 791 790 789 820 815 814 813 812 811 826 825 829 828 827 841 842 843 848 856 857 863 865 868 869 870 879 876 874 873 883 892 891 903 909 910 917 921 937 936 935 926 933 932 931 930 929 928 927 946 943 944 957 956 955 954 962 981 980 979 977 975 974 973 972 969 968 967 966 965 994 992 991 990 989 1012 1009 1006 1015 1017 1039 1037 1036 1033 1032 1031 1030 1029 1046 1045 1057 1056 1055 1054 1067 1074 1073 1086 1085 1082 1092 1099 1113 1111 1109 1108 1107 1121 1126 1129 1128 1145 1142 1141 1154 1165 1163 1162 1161 1160 1159 1180 1179 1178 1192 1200 1199 1198 1209 1219 1215 1214 1213 1234 1233 1232 1231 1229 1228 1243 1246 1242 1241 1254 1255 1256 1257 1258 1270 1283 1282 1281 1280 1279 1278 1277 1294 1298 1296 1292 1289 1304 1303 1314 1313 1312 1311 1326 1322 1321 1320 1333 1334 1336 1337 1338 1342 1345 1346 1347 1348 1352 1359 1360 1373 1369 1370 1371 1372 1378 1379 1380 1381 1397 1399 1400 1405 1416 1417 1418 1428 1426 1433 1441 1450 1449 1448 1447 1446 1466 1465 1464 1461 1460 1470 1472 1474 1475 1476 1488 1483 1487 1484 1501 1498 1495 1509 1511 1512 1513 1514 1515 1516 1517 1530 1528 1527 1524 1523 1537 1544 1543 1542 1541 1557 1556 1554 1553 1550 1564 1573 1579 1580 1591 1590 1589 1603 1600 1598 1597 1618 1617 1616 1629 1647 1645 1644 1643 1642 1657 1656 1655 1660 1659 1658 1668 1666 1677 1675 1682 1683 1684 1685 1686 1687 1688 1700 1703 1712 1713 1714 1715 1724 1723 1720 1719 1735 1734 1733 1752 1748 1751 1744 1760 1757 1756 1770 1777 1776 1775 1774 1773 1772 1792 1793 1794 1807 1805 1804 1803 1813 1828 1827 1825 1824 1823 1822 1833 1836 1837 1838 1839 1853 1848 1852 1847 1846 1845 1844 1857 1870 1868 1867 1866 1865 1880 1881 1874 1877 1898 1897 1896 1895 1894 1893 1892 1891 1890 1889 1904 1907 1920 1921 1922 1932 1929 1928 1927 1926 1944 1952 1951 1965 1964 1963 1961 1972 1969 1982 1980 1977 1992 1989 1988 1997 2010 2009 2008 2007 2004 2003 2002 2022 2020 2019 2017 2016 2032 2029 2030 2037 2040 2041 2042 2043 2044 2058 2055 2054 2053 2052 2049 2048 2064 2066 2067 2083 2081 2080 2092 2090 2103 2106 2102 2101 2098 2097 2112 2111 2130 2121 2127 2120 2126 2125 2124 2123 2122 2139 2138 2136 2135 2148 2149 2164 2174 2172 2171 2170 2169 2187 2185 2184 2183 2182 2198 2195 2193 2192 2203 2212 2211 2225 2224 2223 2222 2221 2230 2239 2237 2236 2251 2250 2249 2248 2247 2246 2263 2272 2265 2266 2267 2268 2296 2294 2293 2292 2290 2289 2288 2311 2309 2308 2307 2320 2318 2317 2326 2324 2328 2329 2330 2331 2332 2333 2334 2335 2346 2345 2356 2358 2359 2360 2361 2366 2372 2371 2369 2368 2367 2379 2389 2386 2385 2401 2400 2398 2397 2396 2409 2408 2407 2406 2422 2416 2419 2418 2417 2434 2432 2437 2431 2429 2428 2427 2426 2442 2447 2446 2445 2444 2456 2457 2459 2460 2466 2468 2469 2470 2471 2481 2475 2480 2479 2478 2477 2476 2486 2487 2489 2498 2499 2513 2510 2509 2508 2507 2520 2533 2532 2536 2535 2529 2528 2543 2540 2558 2556 2555 2552 2551 2565 2572 2571 2580 2576 2591 2592 2596 2597 2600 2603 2611 2612 2613 2628 2627 2626 2625 2623 2622 2637 2635 2634 2633 2645 2654 2656 2657 2667 2666 2665 2664 2663 2674 2681 2683 2689 2704 2701 2700 2699 2709 2710 2711 2712 2714 2719 2722 2739 2740 2748 2747 2746 2754 2755 2758 2759 2760 2767 2769 2768 2780 2782 2783 2784 2785 2786 2794 2793 2799 2809 2806 2804 2803 2822 2817 2816 2815 2827 2826 2852 2843 2844 2845 2846 2847 2848 2860 2859 2871 2878 2882 2898 2897 2901 2895 2893 2892 2907 2906 2905 2917 2915 2914	!GUEST OR STRANGER, !GUEST OR STRANGER, !GUEST OR STRANGER, !GUEST OR STRANGER, !GUEST OR STRANGER, AGE, ANIMAL, ANIMAL, ANIMAL, ANIMAL, ANIMAL, ANIMAL, ANSWER, ANSWER, ANSWER, ARRIVE, ARRIVE, ARRIVE, ASH, ASH, BACK, BACK, BACK, BACK, BAD, BAD, BAD, BAD, BAD, BARK, BARK, BARK, BARK, BARK, BARK, BARK, BARK, BARK, BARK, BARK, BARK, BEARD, BEARD, BEAUTIFUL, BEAUTIFUL, BEAUTIFUL, BEAUTIFUL, BELLY, BELLY, BELLY, BELLY, BESIDE, BESIDE, BESIDE, BESIDE, BESIDE, BESIDE, BETRAY, BIG, BIG, BIG, BIG, BIG, BIRD, BIRD, BIRD, BIRD, BIRD, BLACKSMITH, BLACKSMITH, BLANKET, BLANKET, BLANKET, BLANKET, BLINK, BLINK, BLINK, BLINK, BLOOD, BLOOD, BLOOD, BLUNT, BLUNT, BODY, BODY, BONE, BONE, BREAKFAST, BREAKFAST, BREAKFAST, BREAST, BREAST, BREAST, BREAST, BREAST, BREAST, BREATHE, BROOM, BROOM, BROOM, BROOM, BROOM, BROOM, BROOM, BURN (SOMETHING), BURN (SOMETHING), BURN (SOMETHING), BURN (SOMETHING), BURN (SOMETHING), BURN (SOMETHING), BURN (SOMETHING), BURY, CALL, CALL, CAMEL, CAMEL, CAMEL, CARVE, CARVE, CARVE, CARVE, CASSAVA, CASSAVA, CASSAVA, CAT, CAT, CAT, CAT, CAT, CAVE, CAVE, CAVE, CHEEK, CHEEK, CHEEK, CHEEK, CHEEK, CHEEK, CHEEK, CHEEK, CHEEK, CHEEK, CHEST, CHEST, CHEST, CHEST, CHICKEN, CHIEFTAIN, CHIEFTAIN, CHILD, CHILD, CHILD, CHILD, CHIN, CHIN, CHIN, CLOUD, CLOUD, CLOUD, CLOUD, CLOUD, COLD, COLD, COLD, COLD, COLD, COME, COME BACK, COME BACK, COME BACK, COME BACK, COTTON, COTTON, COUNTRY, COUNTRY, COUNTRY, CRY, CRY, CRY, DEW, DEW, DEW, DEW, DEW, DEW, DEW, DIE, DISEASE, DISEASE, DISEASE, DISEASE, DIVIDE, DIVIDE, DIVIDE, DIVIDE, DIVIDE, DOG, DOG, DOG, DOG, DOG, DONKEY, DONKEY, DONKEY, DONKEY, DONKEY, DONKEY, DOOR, DOOR, DOOR, DOVE, DOVE, DOVE, DOVE, DOVE, DOVE, DOVE, DRINK, DRIP (FALL IN GLOBULES), DRIP (FALL IN GLOBULES), DRIP (FALL IN GLOBULES), DRIP (FALL IN GLOBULES), DRY, DRY, DUST, DUST, DUST, EAT, EAT, EAT, ELBOW, ELBOW, ELBOW, ELBOW, ELBOW, ELBOW, ELEPHANT, ELEPHANT, ELEPHANT, EMPTY, EMPTY, EMPTY, EMPTY, EMPTY, EMPTY, ENTER, FACE, FALL, FALL, FALL, FALL, FALL, FALL, FAST, FAST, FAST, FAST, FAST, FAST, FAT (OBESE), FAT (OBESE), FAT (OBESE), FAT (OBESE), FAT (OBESE), FAT (ORGANIC SUBSTANCE), FAT (ORGANIC SUBSTANCE), FAT (ORGANIC SUBSTANCE), FATHER, FEAR (BE AFRAID), FEAR (BE AFRAID), FIGHT, FIGHT, FIGHT, FIGHT, FIGHT, FIND, FIND, FIND, FIND, FINGER, FIRE, FIRE, FIREWOOD, FISH, FISH, FIVE, FLOWER, FLY (INSECT), FLY (INSECT), FLY (INSECT), FLY (INSECT), FLY (INSECT), FLY (INSECT), FLY (INSECT), FLY (INSECT), FLY (INSECT), FLY (INSECT), FLY (INSECT), FLY (MOVE THROUGH AIR), FLY (MOVE THROUGH AIR), FLY (MOVE THROUGH AIR), FOAM, FOAM, FOAM, FOAM, FOLD, FOOD, FOOD, FOOD, FOOD, FOOD, FOOD, FOOD, FOOD, FOOD, FOOD, FOOD, FOOD, FOOD, FOOT OR LEG, FOOT OR LEG, FOOT OR LEG, FOOT OR LEG, FOOT OR LEG, FORGET, FORGET, FORGET, FORGIVE, FORGIVE, FRIEND, FRIEND, FRIEND, FRIEND, FRIEND, FRIEND, FRIEND, FRIEND, FULL, FULL, GET, GET, GET, GET, GIVE, GIVE BIRTH, GIVE BIRTH, GO, GO, GO, GO DOWN (DESCEND), GO OUT, GO UP (ASCEND), GO UP (ASCEND), GO UP (ASCEND), GO UP (ASCEND), GO UP (ASCEND), GOAT, GOD, GOD, GOD, GOOD, GOOD, GOOD, GRANDFATHER, GRASS, GRASS, GRASS, GRASS, GRASS, GRASS, HAND, HAND, HAND, HANG UP, HEAD, HEAD, HEAD, HEAR, HEAVY, HEAVY, HEAVY, HEAVY, HIDE (CONCEAL), HIDE (CONCEAL), HIDE (CONCEAL), HIDE (CONCEAL), HIDE (CONCEAL), HIDE (CONCEAL), HIP, HIP, HIP, HIP, HONEY, HONEY, HONEY, HONEY, HONEY, HORSE, HOST, HOST, HOST, HOST, HOST, HOST, HOST, HOT, HOT, HOT, HOT, HOT, HUNDRED, HUNDRED, HUSBAND, HUSBAND, HUSBAND, HUSBAND, INJURE, INJURE, INJURE, INJURE, IRON, IRON, IRON, IRON, IRON, JAW, JAW, JAW, JAW, JAW, JOINT, KILL, KILL, KNEE, KNEE, KNEE, KNEE, KNEE, KNEEL, KNEEL, KNEEL, KNEEL, LADDER, LADDER, LADDER, LAUGH, LEAF, LEAF, LEAF, LEAVE, LEAVE, LEFT, LICK, LIE DOWN, LIE DOWN, LIE DOWN, LIE DOWN, LIE DOWN, LIFT, LIFT, LIFT, LIFT, LIFT, LIGHT (WEIGHT), LIGHT (WEIGHT), LIGHT (WEIGHT), LIGHT (WEIGHT), LIGHT (WEIGHT), LIMP, LIMP, LIMP, LIMP, LION, LION, LION, LOOK, LOOK, LOOK, LOOK, LOOK, LOOK, LOOK, LOOK, LOOK FOR, LOOK FOR, LOOK FOR, LOOK FOR, LOOK FOR, LOUSE, LUNG, LUNG, LUNG, LUNG, MAIZE, MAIZE, MAIZE, MAIZE, MAIZE, MAN, MARKET, MARROW, MARROW, MAT, MAT, MAT, MEAL, MEAL, MEAL, MEAL, MEDICINE, MEDICINE, MEDICINE, MILK, MONEY, MONEY, MONEY, MONEY, MONEY, MOON, MOON, MOON, MOON, MOON, MOON, MOSQUE, MOSQUE, MOTHER, MOTHER, MOUSE, MOUSE, MOUSE, MOUSE, MOUSE, MOUSE, MOUSE, MOUTH, MOUTH, NAME, NAME, NAME, NAME, NEAR, NEAR, NEAR, NEAR, NECK, NECK, NECK, NIGHT, NIGHT, NIGHT, NIGHT, NINE, NINE, NINE, NOBLE, NOBLE, NOBLE, NOBLE, NOBLE, NOBLE, NOBLE, NOW, NOW, NOW, OLD, OLD, OLD, OLD, ONE, ONION, ONION, ONION, ONION, ONION, ONION, OPEN, OPEN, OPEN, OPEN, OPEN, ORPHAN, ORPHAN, ORPHAN, ORPHAN, ORPHAN, ORPHAN, ORPHAN, PATH OR ROAD, PENIS, PENIS, PENIS, PENIS, PENIS, PERSON, PERSON, PERSON, PERSON, PESTLE, PESTLE, PESTLE, PESTLE, PESTLE, PESTLE, PESTLE, PESTLE, PESTLE, PESTLE, PICK, PICK, PISS, PISS, PISS, PLACE (POSITION), PLACE (POSITION), PLACE (POSITION), PLACE (POSITION), PLACE (POSITION), PRICE, PULL, PULL, PUMPKIN, PUMPKIN, PUMPKIN, PUMPKIN, PUSH, PUSH, RAIN (PRECIPITATION), RAIN (PRECIPITATION), RAIN (PRECIPITATION), RAW, RAW, RAW, RED, RIB, RIB, RIB, RIB, RIB, RIB, RIB, RIGHT, RIGHT, RIGHT, RIGHT, RIGHT, RIVER, RIVER, RIVER, ROOF, ROOF, ROOF, ROOF, ROOF, ROOF, ROOT, ROOT, ROOT, ROOT, ROOT, ROOT, ROOT, ROTTEN, ROTTEN, ROTTEN, RUN, RUN, RUN, SALT, SALT, SAND, SAND, SAND, SAND, SAND, SAND, SAY, SAY, SCALE, SCALE, SCALE, SCALE, SCALE, SCALE, SCALE, SCALE, SCALE, SEE, SEE, SEE, SEE, SELL, SELL, SEVEN, SEW, SEW, SEW, SEW, SEW, SHARP, SHARP, SHARP, SHARP, SHARP, SHEEP, SHEEP, SHEEP, SHEEP, SHIT (DEFECATE), SHOE, SHOE, SHORT, SHORT, SHORT, SHORT, SHORT, SHOW, SICKLE OR SCYTHE, SICKLE OR SCYTHE, SICKLE OR SCYTHE, SIMILAR, SIMILAR, SIMILAR, SIMILAR, SIMILAR, SIMILAR, SIT, SIT, SIT, SIT, SIT, SIT, SKY, SKY, SKY, SKY, SKY, SKY, SKY, SLEEP, SLEEP, SLEEP, SLEEP, SLIP, SLIP, SLIP, SMALL, SMALL, SMALL, SMALL, SMALL, SMALL, SMALL, SMALL, SMALL, SMALL, SMOOTH, SMOOTH, SNAKE, SNAKE, SNAKE, SNAKE, SNAKE, SOAP, SOAP, SOAP, SOAP, SOAP, SOAP, SONG, SPEAR, SPEAR, SPEAR, SPIN, SPIN, SPIN, SPIN, SPIN, SPIRIT, SPIRIT, SPIRIT, SPIRIT, SPIT, SPIT, SPIT, SPIT, SPIT, SPRING OR WELL, SPRING OR WELL, SPRING OR WELL, SPRING OR WELL, SPRING OR WELL, SPRING OR WELL, SPRING OR WELL, SPRING OR WELL, STAR, STAR, STAR, STAR, STAR, STEAL, STEAL, STEAL, STEAL, STOMACH, STOMACH, STOMACH, STOMACH, STOMACH, STRIKE OR BEAT, STRIKE OR BEAT, STRIKE OR BEAT, STRIKE OR BEAT, STRIKE OR BEAT, STRIKE OR BEAT, STRIKE OR BEAT, SUCK, SUCK, SUCK, SUN, SUN, SWEEP, SWEEP, SWEEP, SWEEP, SWEEP, SWEET, SWIM, SWIM, SWIM, SWIM, SWIM, SWIM, TAIL, TAIL, TALK, TALK, TALK, TALK, TALK, TEN, TESTICLES, TESTICLES, THIGH, THIGH, THING, THING, THINK, THINK, THINK, THINK, THORN, THORN, THORN, THROAT, THROAT, THROAT, THROAT, THROAT, THROAT, THROW, THROW, THROW, THROW, TIE, TOMORROW, TOMORROW, TOMORROW, TONGS, TONGS, TONGS, TONGS, TONGS, TONGUE, TOOTH, TOOTH, TOUCH, TRAP (PITFALL), TRAP (PITFALL), TRAP (PITFALL), TRAP (PITFALL), TRAVERSE, TRAVERSE, TRAVERSE, TRAVERSE, TRAVERSE, TREE, TREE, TWO, TWO, URINE, URINE, URINE, VAGINA, VAGINA, VAGINA, VAGINA, VAGINA, VILLAGE, VILLAGE, VILLAGE, WALL (OF HOUSE), WALL (OF HOUSE), WALL (OF HOUSE), WALL (OF HOUSE), WALL (OF HOUSE), WALL (OF HOUSE), WATER, WATER, WEAVE, WEEK, WEEK, WEEK, WEEK, WET, WET, WET, WET, WHITE, WHITE, WIND, WIND, WIND, WIND, WIND, WIND, WIND, WING, WING, WOMAN, WOOD, WORK (LABOUR), WRAPPER, WRAPPER, WRAPPER, WRAPPER, WRAPPER, WRAPPER, YEAR, YEAR, YEAR, YELLOW, YELLOW, YELLOW
Atlantic:1	1	0	0	0	0	266	9 20 31 46 54 69 82 100 113 119 132 138 153 167 186 191 199 206 219 231 241 249 258 262 276 286 295 310 321 336 342 350 360 367 383 392 406 415 431 441 455 473 483 490 506 515 536 542 555 564 575 586 591 612 618 631 643 656 668 676 683 697 702 713 719 725 738 743 765 771 777 784 797 804 816 831 838 849 859 864 878 885 895 901 906 915 922 934 945 952 963 978 988 1011 1016 1038 1048 1059 1068 1076 1084 1091 1097 1105 1120 1131 1139 1151 1168 1174 1182 1190 1202 1207 1218 1223 1253 1263 1272 1293 1315 1327 1344 1353 1367 1377 1387 1395 1406 1413 1422 1440 1453 1459 1479 1482 1500 1510 1529 1538 1545 1549 1571 1581 1592 1602 1608 1620 1630 1636 1649 1661 1674 1690 1699 1711 1722 1731 1739 1743 1762 1782 1790 1799 1815 1834 1849 1859 1863 1882 1887 1905 1917 1934 1939 1947 1956 1971 1984 1999 2012 2021 2039 2057 2063 2074 2079 2088 2105 2115 2129 2141 2147 2161 2175 2181 2197 2204 2214 2220 2231 2238 2252 2258 2271 2276 2283 2295 2303 2313 2319 2327 2347 2364 2373 2381 2391 2410 2421 2438 2449 2455 2485 2497 2504 2512 2522 2537 2545 2557 2563 2574 2581 2588 2598 2629 2639 2647 2652 2669 2675 2679 2693 2703 2707 2720 2729 2738 2745 2753 2770 2781 2791 2801 2808 2818 2829 2837 2850 2857 2872 2877 2884 2896 2909 2918	!GUEST OR STRANGER, AGE, ANIMAL, ARMPIT, ARRIVE, BACK, BAD, BARK, BEARD, BEAUTIFUL, BEGIN, BELLY, BESIDE, BIG, BIRD, BITE, BITTER, BLACKSMITH, BLANKET, BLINK, BLOOD, BLUNT, BODY, BONE, BREAKFAST, BREAST, BREATHE, BROOM, BUILD, BURN (SOMETHING), BURY, BUY, CALL, CAMEL, CARVE, CAT, CAVE, CHEEK, CHEST, CHICKEN, CHILD, CHIN, CLOUD, COLD, COME, COME BACK, COUNTRY, COW, CRY, DEW, DIE, DIG, DISEASE, DIVIDE, DOG, DONKEY, DOOR, DOVE, DRINK, DRIP (FALL IN GLOBULES), DRY, DUST, EAR, EAT, EGG, EIGHT, ELBOW, ELEPHANT, EMPTY, ENTER, EYE, FACE, FALL, FAR, FAST, FAT (OBESE), FAT (ORGANIC SUBSTANCE), FATHER, FEAR (BE AFRAID), FIGHT, FIND, FINGER, FIRE, FIREWOOD, FISH, FIVE, FLOWER, FLY (INSECT), FLY (MOVE THROUGH AIR), FOAM, FOLD, FOOD, FOOT OR LEG, FORGET, FORGIVE, FRIEND, FULL, GET, GIVE, GIVE BIRTH, GO, GO DOWN (DESCEND), GO OUT, GO UP (ASCEND), GOAT, GOD, GOOD, GRANDFATHER, GRASS, HAIR, HAND, HANG UP, HEAD, HEAR, HEAVY, HELP, HONEY, HORN (ANATOMY), HORSE, HOT, HUSBAND, INJURE, JAW, JOINT, KNEE, KNEEL, KNIFE, LADDER, LAUGH, LEAF, LEAVE, LICK, LIE DOWN, LIFT, LIGHT (WEIGHT), LIMP, LION, LOOK, LOOK FOR, LOUSE, LUNG, MAIZE, MARKET, MARROW, MAT, MEAL, MEAT, MEDICINE, MILK, MILLET, MONEY, MOON, MOTHER, MOUSE, MOUTH, NAME, NEAR, NECK, NEW, NIGHT, NINE, NOSE, NOW, NURSE, ONE, OPEN, ORPHAN, PATH OR ROAD, PENIS, PERSON, PESTLE, PICK, PISS, PLACE (POSITION), POCKET, PRICE, PULL, PUSH, RAIN (PRECIPITATION), RED, RIB, RIGHT, ROOF, ROOT, ROTTEN, ROUGH, RUN, SALT, SAND, SAY, SCALE, SEE, SELL, SEVEN, SEW, SHARP, SHEEP, SHIT (DEFECATE), SHOE, SHORT, SHOW, SICKLE OR SCYTHE, SIMILAR, SING, SIT, SIX, SKIN, SKY, SLAVE, SLEEP, SLIP, SMALL, SMOOTH, SNAKE, SOAP, SONG, SPEAR, SPIRIT, SPIT, SPRING OR WELL, STAR, STEAL, SUCK, SUN, SWALLOW, SWEEP, SWEET, SWIM, TAIL, TALK, TEN, TESTICLES, THIGH, THING, THINK, THROAT, THROW, TIE, TOMORROW, TONGS, TONGUE, TOOTH, TOUCH, TRAP (PITFALL), TRAVERSE, TREE, TWENTY, TWO, URINE, VAGINA, VILLAGE, WALL (OF HOUSE), WATER, WEAVE, WEEK, WET, WHITE, WIFE, WIND, WING, WOMAN, WOOD, WORK (LABOUR), WRAPPER, YEAR, YELLOW
Dogon:3	0	0	3	0	0	125	3 2 15 56 65 115 128 144 145 165 162 163 196 233 245 260 269 270 300 326 345 375 390 426 452 465 477 502 511 512 524 706 750 788 808 852 853 889 985 986 1024 1061 1080 1079 1103 1125 1138 1155 1170 1176 1187 1186 1205 1226 1250 1267 1301 1307 1329 1341 1356 1355 1383 1384 1392 1456 1469 1493 1519 1576 1583 1611 1624 1632 1640 1706 1741 1755 1754 1785 1786 1801 1818 1817 1841 1873 1925 1975 1987 2014 2095 2117 2178 2200 2218 2216 2261 2260 2286 2378 2383 2413 2414 2424 2441 2492 2491 2524 2525 2562 2569 2606 2632 2631 2650 2725 2743 2742 2764 2765 2789 2812 2833 2886 2890	!GUEST OR STRANGER, !GUEST OR STRANGER, AGE, ASH, BACK, BEAUTIFUL, BEGIN, BESIDE, BESIDE, BIG, BIG, BIG, BITTER, BLOOD, BLUNT, BONE, BREAKFAST, BREAKFAST, BROOM, BURN (SOMETHING), BUY, CARVE, CAT, CHEST, CHILD, CHIN, CLOUD, COME, COME BACK, COME BACK, COTTON, EAT, EMPTY, FALL, FAST, FEAR (BE AFRAID), FEAR (BE AFRAID), FIRE, FOOT OR LEG, FOOT OR LEG, FRIEND, GIVE, GO, GO, GO UP (ASCEND), GOD, GOOD, GRASS, HAIR, HAND, HANG UP, HANG UP, HEAR, HIDE (CONCEAL), HONEY, HORSE, HUNDRED, HUSBAND, IRON, JAW, KILL, KILL, KNIFE, KNIFE, LADDER, LIFT, LIGHT (WEIGHT), LION, LOOK FOR, MARROW, MAT, MEDICINE, MILK, MILLET, MONEY, NAME, NIGHT, NINE, NINE, NOW, NOW, OLD, ONION, ONION, ORPHAN, PERSON, PLACE (POSITION), RAIN (PRECIPITATION), RAW, RIGHT, SAND, SCALE, SHARP, SHIT (DEFECATE), SHORT, SHORT, SIT, SIT, SKY, SONG, SPEAR, SPIT, SPIT, SPRING OR WELL, STAR, SUN, SUN, SWIM, SWIM, TEN, TESTICLES, THORN, THROW, THROW, TOMORROW, TWENTY, URINE, URINE, VILLAGE, VILLAGE, WATER, WET, WIFE, WORLD, WRAPPER
Songhai:2	0	0	0	0	2	112	4 17 23 35 43 59 66 74 129 176 188 197 234 251 261 280 294 327 340 346 391 503 513 574 583 615 625 649 680 700 717 729 767 775 802 809 823 835 854 882 898 912 924 950 1051 1064 1072 1089 1171 1177 1194 1206 1221 1239 1269 1308 1350 1358 1403 1411 1437 1444 1505 1540 1585 1607 1625 1635 1641 1652 1673 1681 1707 1766 1802 1811 1830 1855 1862 1883 1968 1994 2078 2086 2145 2159 2180 2201 2255 2262 2274 2280 2316 2354 2377 2494 2503 2517 2561 2570 2608 2615 2671 2727 2744 2766 2777 2814 2842 2869 2881 2904	!GUEST OR STRANGER, AGE, ANIMAL, ANSWER, ARMPIT, ASH, BACK, BAD, BEGIN, BIRD, BITE, BITTER, BLOOD, BODY, BONE, BREAST, BREATHE, BURN (SOMETHING), BURY, BUY, CAT, COME, COME BACK, DIE, DIG, DOG, DONKEY, DOVE, DRY, EAR, EGG, ELBOW, ENTER, EYE, FAR, FAST, FAT (OBESE), FAT (ORGANIC SUBSTANCE), FEAR (BE AFRAID), FINGER, FIREWOOD, FIVE, FLY (INSECT), FOAM, GET, GIVE, GIVE BIRTH, GO DOWN (DESCEND), HAIR, HAND, HEAD, HEAR, HELP, HIP, HORSE, HUSBAND, JOINT, KILL, LAUGH, LEAF, LICK, LIE DOWN, LOOK, LUNG, MAT, MEAT, MILK, MILLET, MONEY, MOON, MOTHER, MOUSE, NAME, NOBLE, OLD, ONE, OPEN, PATH OR ROAD, PENIS, PESTLE, PUSH, RED, RUN, SALT, SELL, SEVEN, SHARP, SHIT (DEFECATE), SING, SIT, SIX, SKIN, SLIP, SNAKE, SONG, SUN, SWALLOW, SWEET, TEN, TESTICLES, THORN, THREE, TONGUE, TWENTY, URINE, VILLAGE, WALL (OF HOUSE), WET, WIND, WOMAN, WORK (LABOUR), YEAR
Dogon:10	0	0	10	0	0	11	14 244 250 436 880 896 940 958 1829 1959 2505	AGE, BLUNT, BODY, CHICKEN, FINGER, FIREWOOD, FLY (MOVE THROUGH AIR), FOLD, OPEN, PUMPKIN, SWEEP
Dogon:2	0	0	2	0	0	218	16 48 60 58 75 85 106 108 107 130 147 146 166 175 177 190 189 202 212 211 224 235 236 253 252 279 301 317 318 328 347 354 353 410 427 428 429 445 453 454 467 466 479 478 488 504 532 531 547 546 560 559 558 557 573 582 588 589 590 626 639 640 650 691 689 690 730 742 754 753 751 768 810 824 836 846 890 942 951 964 1026 1025 1043 1044 1063 1062 1104 1157 1158 1195 1212 1222 1240 1238 1251 1276 1288 1287 1286 1357 1410 1421 1431 1445 1443 1457 1458 1506 1520 1534 1547 1561 1577 1584 1586 1596 1615 1614 1613 1626 1633 1634 1653 1654 1665 1679 1680 1695 1694 1717 1729 1730 1742 1768 1767 1787 1789 1812 1843 1842 1886 1884 1885 1911 1942 1950 1976 2001 2015 2026 2046 2087 2096 2119 2118 2133 2143 2144 2153 2157 2158 2168 2167 2179 2190 2191 2202 2219 2279 2287 2343 2342 2352 2355 2353 2384 2395 2394 2425 2452 2462 2495 2493 2518 2519 2516 2527 2526 2549 2550 2548 2587 2594 2607 2642 2651 2661 2686 2698 2697 2696 2717 2726 2734 2735 2752 2774 2775 2776 2778 2790 2813 2834 2841 2855 2856 2868 2891	AGE, ARRIVE, ASH, ASH, BAD, BARK, BEARD, BEARD, BEARD, BEGIN, BESIDE, BESIDE, BIG, BIRD, BIRD, BITE, BITE, BLACKSMITH, BLANKET, BLANKET, BLINK, BLOOD, BLOOD, BODY, BODY, BREAST, BROOM, BUILD, BUILD, BURN (SOMETHING), BUY, CALL, CALL, CHEEK, CHEST, CHEST, CHEST, CHIEFTAIN, CHILD, CHILD, CHIN, CHIN, CLOUD, CLOUD, COLD, COME, COUNTRY, COUNTRY, CRY, CRY, DEW, DEW, DEW, DEW, DIE, DIG, DISEASE, DISEASE, DISEASE, DONKEY, DOOR, DOOR, DOVE, DUST, DUST, DUST, ELBOW, ELEPHANT, EMPTY, EMPTY, EMPTY, ENTER, FAST, FAT (OBESE), FAT (ORGANIC SUBSTANCE), FATHER, FIRE, FLY (MOVE THROUGH AIR), FOAM, FOOD, FRIEND, FRIEND, FULL, FULL, GIVE, GIVE, GO UP (ASCEND), GRASS, GRASS, HEAD, HEAVY, HELP, HIP, HIP, HONEY, HOST, HOT, HOT, HOT, KILL, LEAF, LEAVE, LEFT, LIE DOWN, LIE DOWN, LIFT, LIFT, LOOK, LOOK FOR, LOUSE, MAIZE, MAN, MARROW, MAT, MAT, MEAL, MEDICINE, MEDICINE, MEDICINE, MILK, MILLET, MILLET, MOON, MOON, MOSQUE, MOUSE, MOUSE, MOUTH, MOUTH, NEAR, NECK, NECK, NIGHT, NOBLE, NOBLE, NOW, NOW, ONE, ORPHAN, ORPHAN, PESTLE, PESTLE, PESTLE, PIG, PRICE, PULL, RAIN (PRECIPITATION), RIB, RIGHT, RIVER, ROOT, SALT, SAND, SCALE, SCALE, SEE, SELL, SELL, SEND, SEVEN, SEVEN, SEW, SEW, SHARP, SHEEP, SHEEP, SHIT (DEFECATE), SHORT, SKIN, SKY, SMOOTH, SMOOTH, SNAKE, SNAKE, SNAKE, SPEAR, SPIN, SPIN, SPRING OR WELL, STEAL, STOMACH, SUN, SUN, SWEET, SWEET, SWEET, SWIM, SWIM, TALK, TALK, TALK, THING, THINK, THORN, TIE, TOMORROW, TONGS, TOUCH, TRAP (PITFALL), TRAP (PITFALL), TRAP (PITFALL), TREE, TWENTY, TWO, TWO, VAGINA, WALL (OF HOUSE), WALL (OF HOUSE), WALL (OF HOUSE), WALL (OF HOUSE), WATER, WET, WIFE, WIND, WING, WING, WOMAN, WRAPPER
Dogon:2 Mande:1	0	0	2	1	0	5	22 545 1504 1612 2763	ANIMAL, CRY, LOOK, MEDICINE, VILLAGE
Dogon:8	0	0	8	0	0	20	21 33 361 624 1060 1147 1175 1210 1328 1546 1639 1727 1778 1779 1974 2025 2108 2515 2649 2677	ANIMAL, ANSWER, CAMEL, DONKEY, GIVE, GRANDFATHER, HAND, HEAVY, IRON, MAIZE, MONEY, NECK, NOSE, NOSE, RAIN (PRECIPITATION), RIVER, SAY, SWEET, TOMORROW, TOOTH
Dogon:4	0	0	4	0	0	85	34 42 105 104 293 292 299 316 325 339 389 388 409 437 476 487 501 523 572 602 741 822 851 850 905 923 949 959 984 998 1116 1117 1137 1185 1204 1236 1237 1248 1274 1285 1306 1364 1420 1455 1481 1492 1503 1560 1595 1671 1678 1693 1705 1872 1909 1914 1923 1924 1937 1941 1949 2076 2152 2242 2243 2259 2285 2351 2440 2451 2473 2472 2490 2586 2585 2605 2619 2694 2751 2832 2854 2867 2866 2903 2912	ANSWER, ARMPIT, BEARD, BEARD, BREATHE, BREATHE, BROOM, BUILD, BURN (SOMETHING), BURY, CAT, CAT, CHEEK, CHICKEN, CLOUD, COLD, COME, COTTON, DIE, DIVIDE, ELEPHANT, FAT (OBESE), FEAR (BE AFRAID), FEAR (BE AFRAID), FISH, FLY (INSECT), FOAM, FOLD, FOOT OR LEG, FOREHEAD, GOAT, GOAT, GOOD, HANG UP, HEAR, HIP, HIP, HONEY, HOST, HOT, HUSBAND, KNEE, LEAVE, LIFT, LIMP, LION, LOOK, MAN, MEAL, MOTHER, MOUSE, MOUTH, NAME, PERSON, PIG, PISS, PLACE (POSITION), PLACE (POSITION), POCKET, PRICE, PULL, RUN, SEND, SIMILAR, SIMILAR, SIT, SKY, SNAKE, STAR, STEAL, STRIKE OR BEAT, STRIKE OR BEAT, SUN, THING, THING, THORN, THROAT, TRAP (PITFALL), VAGINA, WIFE, WING, WOMAN, WOMAN, YEAR, YELLOW
Dogon:11	0	0	11	0	0	17	41 195 259 338 344 715 766 1193 1266 1374 2156 2305 2404 2575 2685 2706 2724	ARMPIT, BITTER, BONE, BURY, BUY, EGG, ENTER, HEAD, HORSE, KNEEL, SEVEN, SLEEP, SPIRIT, THIGH, TOUCH, TRAVERSE, TWENTY
Dogon:11 Songhai:2	0	0	11	0	2	1	47	ARRIVE
Bangime:1 Dogon:2	0	1	2	0	0	8	57 271 1156 2077 2217 2301 2660 2687	ASH, BREAKFAST, GRASS, RUN, SHORT, SLAVE, TONGS, TOUCH
Dogon:9	0	0	9	0	0	22	64 73 114 187 571 698 722 780 1070 1382 1391 1631 1716 1800 1861 1908 1913 2034 2069 2199 2874 2902	BACK, BAD, BEAUTIFUL, BITE, DIE, EAR, EIGHT, FACE, GIVE BIRTH, KNIFE, LADDER, MILLET, NEAR, OLD, PENIS, PIG, PISS, ROOF, ROUGH, SHIT (DEFECATE), WOOD, YEAR
Songhai:1	0	0	0	0	1	187	94 93 111 123 122 142 151 152 204 215 216 228 272 273 306 307 324 323 357 365 366 371 372 380 419 460 461 470 471 493 492 540 541 549 550 599 598 607 608 645 666 665 673 711 726 727 746 757 793 792 866 867 875 971 970 993 1008 1007 1022 1034 1035 1081 1101 1100 1110 1119 1118 1130 1134 1133 1143 1144 1153 1164 1189 1188 1230 1265 1290 1291 1302 1324 1323 1335 1390 1389 1398 1425 1424 1434 1462 1463 1473 1486 1485 1497 1496 1525 1526 1536 1535 1551 1552 1565 1599 1667 1701 1702 1718 1737 1745 1746 1759 1758 1798 1797 1826 1876 1906 1919 1931 1930 1945 1953 1954 1962 1979 1978 1990 2005 2006 2018 2051 2050 2072 2073 2099 2100 2113 2114 2137 2155 2194 2233 2291 2304 2310 2338 2344 2370 2387 2388 2399 2420 2430 2458 2467 2488 2530 2531 2541 2542 2554 2553 2577 2578 2590 2602 2601 2624 2643 2655 2682 2690 2691 2713 2757 2756 2792 2805 2825 2836 2861 2862 2887 2894 2916	BARK, BARK, BEARD, BEAUTIFUL, BEAUTIFUL, BELLY, BESIDE, BESIDE, BLACKSMITH, BLANKET, BLANKET, BLINK, BREAKFAST, BREAKFAST, BROOM, BROOM, BUILD, BUILD, CALL, CAMEL, CAMEL, CARRY ON HEAD, CARRY ON HEAD, CARVE, CHEEK, CHILD, CHILD, CHIN, CHIN, COLD, COLD, COW, COW, CRY, CRY, DISEASE, DISEASE, DIVIDE, DIVIDE, DOOR, DRINK, DRINK, DRIP (FALL IN GLOBULES), EAT, EIGHT, EIGHT, ELEPHANT, EMPTY, FALL, FALL, FIGHT, FIGHT, FIND, FOOD, FOOD, FOOT OR LEG, FORGET, FORGET, FOUR, FRIEND, FRIEND, GO, GO OUT, GO OUT, GO UP (ASCEND), GOAT, GOAT, GOD, GOLD, GOLD, GOOD, GOOD, GRANDFATHER, GRASS, HANG UP, HANG UP, HIDE (CONCEAL), HORN (ANATOMY), HOT, HOT, HUNDRED, INJURE, INJURE, IRON, KNIFE, KNIFE, LADDER, LEAVE, LEAVE, LEFT, LIFT, LIFT, LIGHT (WEIGHT), LIMP, LIMP, LION, LION, LOOK FOR, LOOK FOR, LOUSE, LOUSE, MAIZE, MAIZE, MAN, MEAL, MOSQUE, MOUTH, MOUTH, NEAR, NEW, NIGHT, NIGHT, NINE, NINE, NURSE, NURSE, ONION, PERSON, PICK, PISS, PLACE (POSITION), PLACE (POSITION), PRICE, PULL, PULL, PUMPKIN, RAIN (PRECIPITATION), RAIN (PRECIPITATION), RAW, RIB, RIB, RIGHT, ROOT, ROOT, ROUGH, ROUGH, SAND, SAND, SAY, SAY, SEE, SEND, SHEEP, SHOW, SKY, SLAVE, SLEEP, SMOKE, SMOOTH, SOAP, SPEAR, SPEAR, SPIN, SPIT, SPRING OR WELL, STEAL, STOMACH, SUCK, SWIM, SWIM, TAIL, TAIL, TALK, TALK, THIGH, THIGH, THING, THINK, THINK, THROAT, TIE, TOMORROW, TOOTH, TOUCH, TOUCH, TRAVERSE, VAGINA, VAGINA, WATER, WEEK, WHITE, WIFE, WING, WING, WORLD, WRAPPER, YELLOW
Bangime:1 Mande:1	0	1	0	1	0	3	109 362 1910	BEARD, CAMEL, PIG
Dogon:6	0	0	6	0	0	41	126 222 232 370 373 510 544 587 613 687 781 833 860 887 1148 1203 1225 1354 1408 1518 1533 1582 1651 1692 1740 1902 2000 2045 2061 2109 2165 2393 2450 2567 2640 2659 2678 2787 2831 2840 2853	BEGIN, BLINK, BLOOD, CARRY ON HEAD, CARVE, COME BACK, CRY, DISEASE, DOG, DUST, FACE, FAT (ORGANIC SUBSTANCE), FIGHT, FIRE, GRANDFATHER, HEAR, HIDE (CONCEAL), KILL, LEAF, LOOK FOR, LOUSE, MAT, MOON, MOUTH, NIGHT, PICK, RIB, ROOT, ROTTEN, SAY, SEW, SPIN, STEAL, TESTICLES, TIE, TONGS, TOOTH, WATER, WIFE, WIND, WING
Dogon:12 Mande:1 Songhai:1	0	0	12	1	1	1	135	BELLY
Mande:2	0	0	0	2	0	6	159 348 1769 1943 2189 2620	BETRAY, BUY, NOBLE, PRICE, SHEEP, THROAT
Atlantic:1 Dogon:11 Songhai:2	1	0	11	0	2	1	158	BETRAY
Mande:1 Songhai:2	0	0	0	1	2	4	164 1211 1728 1780	BIG, HEAVY, NECK, NOSE
Dogon:7	0	0	7	0	0	26	174 210 278 291 315 522 601 648 699 728 1003 1078 1115 1419 1442 1468 1480 1559 1753 1940 2075 2188 2235 2382 2461 2911	BIRD, BLANKET, BREAST, BREATHE, BUILD, COTTON, DIVIDE, DOVE, EAR, ELBOW, FORGET, GO, GOAT, LEAVE, LIE DOWN, LIGHT (WEIGHT), LIMP, MAN, NINE, PRICE, RUN, SHEEP, SICKLE OR SCYTHE, SPEAR, STOMACH, YELLOW
Bangime:1 Dogon:1	0	1	1	0	0	6	198 1227 1548 2405 2474 2824	BITTER, HIDE (CONCEAL), MAIZE, SPIRIT, STRIKE OR BEAT, WHITE
Dogon:12	0	0	12	0	0	10	201 670 871 997 1050 2085 2207 2315 2560 2716	BLACKSMITH, DRIP (FALL IN GLOBULES), FIND, FOREHEAD, GET, SALT, SHOE, SLIP, TEN, TREE
Dogon:3 Mande:1 Songhai:1	0	0	3	1	1	1	223	BLINK
Dogon:4 Mande:1	0	0	4	1	0	1	268	BREAKFAST
Bangime:1 Dogon:3	0	1	3	0	0	6	352 1340 1672 2604 2750 2880	CALL, JAW, MOTHER, THORN, VAGINA, WORK (LABOUR)
Bangime:1 Dogon:10	0	1	10	0	0	3	369 1401 1986	CARRY ON HEAD, LAUGH, RAW
Dogon:3 Songhai:1	0	0	3	0	1	1	374	CARVE
Atlantic:1 Bangime:1 Dogon:11 Mande:2 Songhai:2	1	1	11	2	2	1	384	CASSAVA
Dogon:13	0	0	13	0	0	5	401 679 1169 1220 2823	CAVE, DRY, HAIR, HELP, WHITE
Bangime:1 Dogon:2 Songhai:1	0	1	2	0	1	1	425	CHEST
Dogon:1 Songhai:2	0	0	1	0	2	11	438 556 688 845 1568 1840 2166 2215 2323 2506 2695	CHICKEN, DEW, DUST, FATHER, MARKET, ORPHAN, SEW, SHORT, SMALL, SWEEP, TRAP (PITFALL)
Atlantic:1 Dogon:12 Songhai:2	1	0	12	0	2	1	444	CHIEFTAIN
Bangime:1 Mande:1 Songhai:2	0	1	0	1	2	2	475 941	CLOUD, FLY (MOVE THROUGH AIR)
Atlantic:1 Songhai:2	1	0	0	0	2	2	525 999	COTTON, FOREHEAD
Bangime:1 Dogon:4 Mande:1 Songhai:2	0	1	4	1	2	2	530 1574	COUNTRY, MARROW
Bangime:1 Dogon:11 Mande:1	0	1	11	1	0	1	538	COW
Bangime:1 Dogon:7	0	1	7	0	0	3	580 1014 2593	DIG, FORGIVE, THINK
Dogon:3 Mande:1	0	0	3	1	0	1	638	DOOR
Dogon:1 Songhai:1	0	0	1	0	1	9	641 752 960 987 1432 1788 1819 2028 2913	DOOR, EMPTY, FOLD, FOOT OR LEG, LEFT, NOW, ONION, RIVER, YELLOW
Dogon:15	0	0	15	0	0	6	662 911 1094 1436 1854 2670	DRINK, FIVE, GO OUT, LICK, PATH OR ROAD, TONGUE
Dogon:10 Songhai:1	0	0	10	0	1	1	705	EAT
Bangime:1 Dogon:2 Mande:2	0	1	2	2	0	1	724	EIGHT
Dogon:6 Songhai:1	0	0	6	0	1	5	740 1019 1102 2013 2234	ELEPHANT, FOUR, GO UP (ASCEND), RIGHT, SICKLE OR SCYTHE
Dogon:16	0	0	16	0	0	5	774 801 1261 1795 2336	EYE, FAR, HORN (ANATOMY), NURSE, SMOKE
Dogon:12 Mande:1	0	0	12	1	0	1	844	FATHER
Bangime:1 Mande:2	0	1	0	2	0	1	862	FIGHT
Bangime:1 Songhai:1	0	1	0	0	1	1	872	FIND
Dogon:3 Songhai:2	0	0	3	0	2	1	888	FIRE
Dogon:9 Songhai:2	0	0	9	0	2	1	904	FISH
Dogon:15 Songhai:1	0	0	15	0	1	1	918	FLOWER
Mande:1 Songhai:1	0	0	0	1	1	2	919 2035	FLOWER, ROOF
Bangime:1 Dogon:6 Mande:1	0	1	6	1	0	2	948 1532	FOAM, LOUSE
Dogon:6 Mande:1	0	0	6	1	0	2	1004 1670	FORGET, MOTHER
Dogon:7 Mande:1 Songhai:2	0	0	7	1	2	1	1013	FORGIVE
Atlantic:1 Dogon:9	1	0	9	0	0	1	1018	FOUR
Dogon:5 Mande:1	0	0	5	1	0	3	1042 1339 2094	FULL, JAW, SAND
Dogon:5 Songhai:1	0	0	5	0	1	1	1041	FULL
Bangime:1 Dogon:14	0	1	14	0	0	3	1088 1349 2228	GO DOWN (DESCEND), JOINT, SHOW
Dogon:10 Mande:1	0	0	10	1	0	3	1124 2142 2151	GOD, SELL, SEND
Atlantic:1 Bangime:1 Dogon:13 Mande:1	1	1	13	1	0	1	1132	GOLD
Dogon:2 Songhai:2	0	0	2	0	2	2	1249 2208	HONEY, SHOE
Dogon:1 Mande:1	0	0	1	1	0	3	1268 2047 2463	HORSE, ROOT, STOMACH
Atlantic:1 Bangime:1 Dogon:2	1	1	2	0	0	1	1275	HOST
Atlantic:1 Bangime:1 Dogon:11 Mande:1 Songhai:1	1	1	11	1	1	1	1300	HUNDRED
Bangime:1 Dogon:4	0	1	4	0	0	5	1318 2322 2439 2547 2584	INJURE, SMALL, STAR, TALK, THING
Dogon:7 Songhai:2	0	0	7	0	2	1	1363	KNEE
Bangime:1 Songhai:2	0	1	0	0	2	1	1375	KNEEL
Atlantic:1 Bangime:1 Dogon:12	1	1	12	0	0	1	1430	LEFT
Bangime:1 Dogon:12	0	1	12	0	0	3	1539 2376 2802	LUNG, SONG, WEEK
Dogon:14	0	0	14	0	0	4	1567 1993 2278 2538	MARKET, RED, SKIN, TAIL
Bangime:1 Dogon:16	0	1	16	0	0	3	1606 2273 2502	MEAT, SIX, SWALLOW
Atlantic:1 Dogon:8 Mande:2 Songhai:1	1	0	8	2	1	1	1664	MOSQUE
Bangime:1 Dogon:15 Mande:1	0	1	15	1	0	1	1736	NEW
Atlantic:1 Dogon:4	1	0	4	0	0	1	1765	NOBLE
Dogon:2 Mande:1 Songhai:1	0	0	2	1	1	1	1784	NOW
Bangime:1 Dogon:8	0	1	8	0	0	1	1809	ONE
Atlantic:1 Dogon:2 Mande:1	1	0	2	1	0	1	1816	ONION
Bangime:1 Dogon:6	0	1	6	0	0	1	1901	PICK
Dogon:8 Mande:2 Songhai:2	0	0	8	2	2	1	1936	POCKET
Atlantic:1 Songhai:1	1	0	0	0	1	2	1960 2027	PUMPKIN, RIVER
Bangime:1 Dogon:13	0	1	13	0	0	2	1967 2483	PUSH, SUCK
Dogon:6 Songhai:2	0	0	6	0	2	2	2060 2630	ROTTEN, THROW
Dogon:9 Mande:1	0	0	9	1	0	1	2132	SEE
Bangime:1 Dogon:5	0	1	5	0	0	2	2177 2568	SHARP, TESTICLES
Bangime:1 Dogon:11	0	1	11	0	0	1	2253	SING
Dogon:14 Mande:1 Songhai:1	0	0	14	1	1	1	2300	SLAVE
Dogon:8 Mande:1	0	0	8	1	0	1	2365	SOAP
Atlantic:1 Bangime:1 Dogon:16	1	1	16	0	0	1	2614	THREE
Dogon:4 Songhai:1	0	0	4	0	1	1	2618	THROAT
Dogon:4 Songhai:2	0	0	4	0	2	1	2732	TWO
Dogon:7 Mande:1	0	0	7	1	0	2	2741 2797	URINE, WEAVE
Bangime:1 Dogon:2 Mande:1	0	1	2	1	0	1	2773	WALL (OF HOUSE)
Dogon:3 Mande:2	0	0	3	2	0	1	2788	WATER
Dogon:8 Songhai:1	0	0	8	0	1	1	2796	WEAVE
Dogon:11 Mande:1	0	0	11	1	0	1	2879	WORK (LABOUR)
Atlantic:1 Dogon:13 Mande:1	1	0	13	1	0	1	2885	WORLD
